Entry ID,Text_On_Object,Pub_Text_Chinese_Complete
Jade001,"玉椀來回部,輸誠供闔閶,召公懷不寶,韓子戒無當,異致白毛鹿,引恬頳尾魴,勞徠非力并,天眷奉昭彰。","玉椀來回部,輸誠供闔閶,召公懷不寶,韓子戒無當,異致白毛鹿,引恬頳尾魴 (回部葉爾奇木哈什哈爾初役屬於準噶爾,為所拘縶,因我大軍戡定伊犁,始釋之令歸所部,其長伯克和卓遣使求內屬,此其所貢也), 勞徠非力并,天眷奉昭彰。 "
Jade002,玉盤博徑得二尺，圍六尺有（去聲）五寸益。虛中盛水受一石，素質不雕其色碧。 旁達孚尹瓊華澤，葆光撫不留手跡。群玉之精出昆侖，吉日甲子天子賓。 於西王母瑤池津，行觴介紹簠蓋樽。爾時所御器今存，作鎮西極永好完。 未入震旦三千年，問今何來不脛偶。準噶爾亡淪世守，阿睦撒納茲竊取。 王師深入靖孽醜，於將獲之聯猭走。棄其重器為我有，元英大呂陳座右。 咄哉玉盤徒華滋，不可食兮不可衣。連城價詎如窮奇，俘彼禍除可罷師。 前歌後舞樂雍熙，瑰玩吾將安用之。擬付剿人一例椎。,"
玉盤博徑得二尺，圍六尺有(去聲)五寸益。虛中盛水受一石，素質不雕其色碧。 旁達孚尹瓊華澤，葆光撫不留手跡。羣玉之精出菎崙，吉日甲子天子賓。 于西王母瑶池津，行觴介紹簠簋罇。爾時所御器今存，作鎮西極永好完。 未入震旦三千年，問今何來不脛偶。準噶爾亡淪世守，阿睦撒納茲竊取。 王師罙入靖孽醜，於將獲之聮猭走。棄其重器為我有，元英大呂陳座右。 咄哉玉盤徒華滋，不可食兮不可衣。連城價詎如窮奇，俘彼禍除可罷師。 前歌後舞樂雍熙，瓌玩吾將安用之。擬付剿人一例椎。"
Jade003,"于闐何必購奩環,通貢薄來每厚還,保定不期致達域,琢磨亦復藉他山。示禎碧落星辰表,延喜明廷樽俎問,漉雪浮香真恰當,思推解渴福區寰。 ",于闐何必購奩環，通貢薄來每厚還。保定不期致遠域，琢磨亦復藉他山。示禎碧落星辰表，延喜明廷樽俎間。漉雪浮香真恰當，思推解渴福區寰。
Jade004,"會未于闐遣使求,堅昆玉椀自來投,詎云有翼千斤獻,那肯無端大白浮。賢問乃明君子德,工言幾誤楚人璆,歲時宴饗斟香茗,延喜明廷弈葉庥。 ","會未于闐遣使求,堅昆玉椀自來投,詎云有翼千斤獻,那肯無端大白浮。賢問乃明君子德,工言幾誤楚人璆,歲時宴饗斟香茗,延喜明廷弈葉庥。 "
Jade005,"No texts included in NPMT 1983p32-33: ""此為乾隆二十七年(壬午1762年),清高宗為了新獲得的一件回部的玉盤,在重華宮曲宴傅恒、來保、劉統勳、兆惠等,共二十四位內廷大學士翰林,君臣相互唱答的聯句,並有序及七言律詩二首,詩長無法全錄。""","玉盤聫句
Preface:（有序）
懐任協紀齊頌九譯之春娵訾迎韶早展重華之宴試覔新題於甲觀寧沿舊例乎辛盤則有西部輸珎尚方典器青筠浮面一雙承露交擎碧萏為趺三五曜靈滿暈始也軍諮驛逓未碎斗而楚帳烏飛繼焉屯長犁翻存竊鉤而魯庭盜走失守見可敦並棄龍沙鼂采猶韜得時思咱馬同陳魚海土花不蝕矧乃泥都椀進朝端餵肉無煩和卓篘來徼外分醪足樂維

鴻庥告永清之會正神物昭終合之期既偕地出圜鐘元氣兼通乎/異域還應霄呈疊璧貞符適葉於前年當茲什龍初披六巡載詠禁中頗牧胥目屬以爭誇臺上鄂褒亦手捫而暗認繄爾韻催銅缽程功庶慶其得全顧予銘切金甌記實蘄箴夫持滿

Poem 1
QL verses（御製）
令日青宮集近臣，聫吟例許列文茵。
玉盤先後來殊域，
Verses by Dai Heng（臣傅恒）
石鼎推敲繼綺晨。
隔歲紫光圖凱會，韶年蒼縡答精禋。
東升旭影霞初絢，
Verses by Lai Bao（臣來保）
西繞山容黛半皴。
綵勝吉占迎曙燦，花幡芳信飏風頻。
鶯遷柳放梭初擲，
Verses by Liu Tongxun（臣劉統勛）
魚樂冰開尾有莘。
節應棣通蠲榖旦，律調泰蔟協初旬。
菜挑七種羅肴核，
Verses by Zhao Hui（臣兆惠）
裘粲三英集組紳。
坐列共球昭拓土，班添氈罽賀填闉。
辟邪遠掃天堂穴，（御製）延喜遙開月竁垠。
猶憶逐犇阿睦爾，因緣收器額琳秦（番語謂寶為額琳秦）。

Poem 2
QL verse
壹之為甚寧思二（御製），

天且無違而況人。
果見獻琛來攘攘，誰容遊釜走踆踆。
衛拉四部全歸吏（臣梁詩正），

厄魯千羣総𨽻民。
遂有白環踰弱水，同時青鉢供香塵。
寶裝鞞琫芙蓉鍔（臣陳惠華），

繅藉圭璋翡翠綸。
𠽾嚕篘文鐫詰屈，堅昆椀璞剖嶙㟒。
汗溝流赭毛頒馬（臣劉綸），

陽冶镕黃趾鑄麟。
九府圜型工肉好，三河方折採奫淪。
苞符自效圖書藪（臣舒赫德），
（御製）瓌異奚誇冠帶倫。
欲墾伊犁興稼穡，誰埋大窖出璘珣。
護呵信是資丁甲（御製），博識何須問癸辛。
若木葩旉分韞匵，望舒暈滿儷浮筠。
昔年苜蓿充沙漠（臣於敏中），此日琉璃對柍桭。
瓊笥駢函重玨輯，瑤階聨晉六符陳。
圍三渾約涵規數（臣錢汝誠），倍兩橫當布指循。
累譯走偕車轣轆，他山攻借石磨磷。
那誇琬琰呈和璞（臣介福），詎數㻬琈出帝囷。
頒瑞記曾探大酉，搜源跡直溯西申。
窺同象緯聯璣璧（臣何國宗），（御製）薦旅梯航配鰈鷷。
劍契豐城語豈誕，珠還合浦事誠神。
乾坤奇偶成交泰（御製），雷雨經綸濟險屯。
寶玉彤弓疇許盜，元音大呂不終湮。
性原特達馳包匭（臣觀保），質秉堅剛協化鈞。
幾試崑炎光獨葆，潛通虹氣蟄還伸。
連城價詎千金重（臣王際華），照廡芒驚五色勻。
輻湊璵璠徵合軌，種滋蒲穀騐同畇。
捧來有澤能盈手（臣錢維城），選得無瑕可澡身。
容炙具先超鼎耳，斟膏用或並杯唇。
雙飛入襲輝相照（臣張泰開），（御製）二妙同臺意自親。
侍從今時昔上將，追陪密席遠嘉賓（是日御前蒙古王公亦在座）。
武成久矣人心豫（御製），賮獻駢如地寶臻。
響應鑮鐘尊典樂，製侔獵鼓掌成均。
夜光互燭聯形影（臣王會汾），鼌采交輝象介僎。
何俟得璜偏海澨，本來投石自天濱。
躍淵似擊蕤賓鐵（臣金甡），啟礦如探安息銀。
煜煜鴻儀剛比德，斑斑龍輔恰為鄰。
紋凝水碧痕微吐（臣陳兆崙），㢘劚山元體最純。
細較廣袤齊尺寸，遙覘氣象炳星辰。
中涵溫潤疑丹甑（臣倪承寬），（御製）外達菁英異綠瑉。
象協地天含太極，圓呈日月麗雙輪。
巧諧訝似能飛鏡（御製），遠届欣同不脛珎。
定識洪爐奇締造，無勞哲匠費陶甄。
眾形雕刻天工錯（臣邊繼祖），圓蓋帡幪睿藻彬。
授簡載賡敶黼座，盍簪依永上楓宸。
嘉祥喜葉南山祝（臣盧文弨），燕飲歡㪺北斗醇。
魯寶承匜歌酌賚，荊璆琢敦舞章斌。
鏤雲列架赪虬臥（臣謝墉），散彩流蘇紫鳳馴。
惠浹長筵銘瑞甕，樂張廣殿捋和錞。
蓼芽入饌才逢谷（臣汪永錫），（御製）椒蕊粘屏始建寅。三品果盛回部味，九華鐙映上元春。
敢誇禹貢傳西被，惟對湯盤凜日新（御製）。
"
Jade006,"(回劍)文列星行光溢濤,切崑璆似斷秋毫,于闐西去千餘里,那數尋常玉欛刀。

(回斧)齊斧言旋早洗兵,更無拓遠祇持盈,集鱗流仰寧當拒,厚往惟嘉底貢誠。 ","文列星行光溢濤,切崑璆似斷秋毫,于闐西去千餘里(博洛爾在和闐西幾二千里, 和闐即古于闐也),那數尋常玉欛刀(宋開寶二年于闐貢玉欛刀)。

(右回劒)齊斧言旋早洗兵,更無拓遠祇持盈,集鱗流仰寧當拒,厚往惟嘉底貢誠。 "
Jade007,"碧玉之盤徑逾尺，質本規圎色光澤。 準夷重器守世則，貯以馬湩可盈石。
穹廬玉醴斯陳席，以招百幅繁生息。 仁義不施攻守易，矯虔奪攘紛兵革。
休屠金人且弗惜，玉盤自合棄荒棘。 磕破邊角秦璽阸，伊犁墾田耕者獲。 
驛使致京飛不翼，取裁改作葵花式。 穆然完好綈幾側，湯之盤銘日新德。
用識顛末苕華勒。",碧玉之盤徑逾尺，質本規圓色光澤。凖夷重器守世則，貯以馬湩可盈石。穹廬玉醴斯陳席（凖俗四月馬湩新得時置筵酬神詐馬為慶謂之玉醴斯蒙古亦然但不如其盛耳），以招百福繁生息。仁義不施攻守易，矯䖍奪攘紛兵革。休屠金人且弗惜，玉盤自合棄荒棘。磕破邊角秦璽阸，伊犁墾田耕者獲。驛使致京飛不翼，取裁改作葵花式。穆然完好綈几側，湯之盤銘日新徳。用識顛末苕華勒。
Jade008,"玉不自言艱致尺，衛拉所有守世澤。磕損改作中規則，形肖葵花非楚石。 
惜其獨置於筍席，和闐六城久休息。 產玉嵗貢春秋易，更畨驛遞盛以革。 
相材琢磨工豈惜，閲時成盤等垂棘。 舊器既免播越阸，新器更慶良朋獲。
物必有偶如烏翼，連珎萃羙昭良式。承惟檀几不欹側，疊韻載詠誌合徳。
匪誇我武揚疏勒。","(序)癸未歲,伊犁守臣驛致墾田,所獲碧玉盤一,惜其缺損,因就材琢以葵形,賦詩誌事。今就和闐貢玉中,復成此盤,尺度色澤與前盤宛然無別,然彼幾阸於兵燹之餘,此久隱於山澤之畔,夷險殊塗,同登清燕,仍用前韻成篇,以誌有美必合云爾。 

玉不自言艱致尺,衛拉所有守世澤,磕損改作中(去聲)規則,形肖葵花非楚石,惜其獨置於筍席,和闐六城久休息,產玉歲貢春秋易,更番驛遞盛以革,相材琢磨工豈惜,閱時成盤等垂棘,舊器旣免播越阸,新器更慶良朋獲,物必有偶如鳥翼,連珍萃美昭良式,承惟檀几不欹側,疊韻載詠誌合德,匪誇我武揚疏勒。 "
Jade009,"玉盤昔為厄魯用，定功獻闕早曾頌。那無遺棄沈沙間，概弗搜求勞驛送。
回城伯克覲輪年，以此表誠充土貢。貢亦弗卻賞從厚，仍愧不脛天府羾。 
徒觀製樸泯雕鏤，鼂彩輝輝盈尺洞。崑崙重器昔成謠，深足圓唇此其仲。
乳香久謝貯穹盧，幸爾文筵伴清供。幸兮謝兮盤兩忘，我則湯銘思折中。",玉盤昔為厄魯用，定功獻闕早曽頌。那無遺棄沈沙間，概弗捜求勞驛送。回城伯克覲輪年，以此表誠充土貢。貢亦弗却賞從厚，仍愧不脛天府羾。徒觀製朴泯雕鏤，鼂彩輝輝盈尺洞。崑崙重器昔成謡，深足圓脣此其仲。乳香久謝貯穹廬，幸爾文筵伴清供。幸兮謝兮盤兩忘，我則湯銘思折中。
Hindustan Jades,,
Jade010,"佛經此欲界內以須彌山為中,須彌山四面有四大部洲,居南面者為閻浮提,即華言南瞻部洲者是。此閻浮提內有三大國,各所屬及弗相屬之,小國弗與焉,而閻浮提又以崑崙為中,居崑崙之東,及東南東北者,即我中國為一大國。居崑崙之南及西南者,為天竺一大國,居崑崙之西北及北者,為洪豁爾一大國。而天竺一國分為東西南北中五印度,即梵經所稱印達爾,印達爾者,華言自在境界之謂也。五印度皆厄訥特珂克之地,唐史宋史訛印度為身毒,或稱身篤,而所載事蹟及入朝中國,大率不實,亦不得要領。何言之?自古中華聲教所訖,莫過於本朝,而本朝百餘年中,從未有天竺遣使進貢之事,雖於乾隆庚辰年間,烏特噶里畢拉奇碩拉汗,會遣婆羅門進表奉貢,亦其東印度近我西藏之一小國耳,非中天竺也。若夫北印度,實近我回部之葉爾羌,故葉爾羌之西,過葱嶺,即拔達克山,由拔達克山轉而南為克什米爾,又轉而西為溫都斯坦;又轉而南方為厄訥特珂克,其方向如此,其道里亦莫得而詳焉。溫都斯坦雖回地也,而回人相傳彼地有佛遺蹟,益知即北印度交界,或者昔為天竺屬而後為回部屬,皆不可知。溫都斯坦,今唐古忒及回語,皆稱為痕都斯坦,盖亦譯者訛痕為溫,而二語皆與印度音聲相近。所謂天竺北印度近回部,此亦一騐也。要知痕與溫、與印、與身,及度與毒、與篤、與都,皆非天竺本語,而又何必較是非於一字一句之間哉。宋史載:天竺僧施護,行程有至誐惹曩國之語,誐惹曩音聲亦與厄訥特珂克相近而通。考所謂度雪山過伽濕彌勒國者,雪山即今葱嶺,而伽濕彌勒亦即克什米爾之誤耳。若夫元史稱元太祖見角端於印度,疑亦即今痕都斯坦之北印度,與回部交界者耳,非中印度也。東印度旣近西藏,故天竺之事,西藏時聞之,據西藏僧謂:天竺雖佛現身說法之地,然今天竺實不興佛法,而興異教。此亦與梵帙,佛受記五百年後,佛法漸微,而漸流行東至震旦迺復興之語相符合。夫以今中國之力,若唐宋之假道葱嶺、克什米爾以達天竺、中印度亦何難,但旣非德致,更以計求,雖徠遠域,何關實政,故不為也。近得蒙古源流,謂元太祖進兵至厄訥特珂克,遇一角獸狀若跪叩者三,元太祖曰:是殆上天示予自此往斡齊爾圖瑣林,道遠難極,遂振旅云云益可為未至中印度之證。而獸為人言,更可信元史之謬為附會,因考天竺五印度,故並闢其蹖譌如右。","佛經此欲界內以須彌山為中,須彌山四面有四大部洲,居南面者為閻浮提,即華言南瞻部洲者是。 此閻浮提內有三大國,各所屬及弗相屬之,小國弗與焉,而閻浮提又以崑崙為中,居崑崙之東,及東南東北者,即我中國為一大國。居崑崙之南及西南者,為天竺一大國(即今西藏所稱厄訥特珂克也),居崑崙之西北及北者,為洪豁爾一大國。而天竺一國分為東西南北中五印度,即梵經所稱印達爾,印達爾者,華言自在境界之謂也。五印度皆厄訥特珂克之地,唐史宋史訛印度為身毒,或稱身篤,而所載事蹟及入朝中國,大率不實,亦不得要領。何言之?自古中華聲教所訖,莫過_本朝,而本朝百餘年中,從未有天竺遣使進貢之事,雖於乾隆庚辰年間,烏特噶里畢拉奇碩拉汗,曾遣婆羅門進表奉貢,亦其東印度近我西藏之一小國耳,非中天竺也。若夫北印度,實近我回部之葉爾羌,故葉爾羌之西,過葱嶺,即拔達克山,由拔達克山轉而南為克什米爾,又轉而西為溫都斯坦;又轉而南方為厄訥特珂克,其方向如此,其道里亦莫得而詳焉。溫都斯坦雖回地也,而回人相傳彼地有佛遺蹟,益知即北印度交界,或者昔為天竺屬而後為回部屬,皆不可知。溫都斯坦,今唐古忒及回語,皆稱為痕都斯坦,盖亦譯者訛痕為溫,而二語皆與印度音聲相近。所謂天竺北印度近回部,此亦一騐也。要知痕與溫、與印、與身,及度與毒、與篤、與都,皆非天竺本語,而又何必較是非於一字一句之間哉。宋史載:天竺僧施護,行程有至誐惹曩國之語,誐惹曩音聲亦與厄訥特珂克相近而通。考所謂度雪山過伽濕彌勒國者,雪山即今葱嶺,而伽濕彌勒亦即克什米爾之誤耳。若夫元史稱元太祖見角端於印度,疑亦即今痕都斯坦之北印度,與回部交界者耳,非中印度也。東印度旣近西藏,故天竺之事,西藏時聞之,據西藏僧謂:天竺雖佛現身說法之地,然今天竺實不興佛法,而興異教。此亦與梵帙,佛受記五百年後,佛法漸微,而漸流行東至震旦迺復興之語相符合。夫以今中國之力,若唐宋之假道葱嶺、克什米爾以達天竺、中印度亦何難,但旣非德致,更以計求,雖徠遠域,何關實政,故不為也。近得蒙古源流,謂元太祖進兵至厄訥特珂克,遇一角獸狀若跪叩者三,元太祖曰:是殆上天示予自此往斡齊爾圖瑣林,道遠難極,遂振旅云云(斡齊爾圖瑣林者蒙古語謂金剛狀也,即佛現身說法之中印度)益可為未至中印度之證。而獸為人言,更可信元史之謬為附會,因考天竺五印度,故並闢其蹖譌如右。 "
Jade011,"葱嶺接崑崙,痕都天竺藩,瓊枝產寶夥,水磨省工煩,泰冒徒聞浴,和闐此溯源,匪求來不拒,弗韞賈堪言,盈尺區寧論,成雙珏寔存,中規仍瓣瓣,合度更渾渾,帶蒂芳葩簇, 通身翠葉翻,荒唐說泝水, 約畧比嬰垣,謾詡連城貴,端知五德尊,孫卿有佳喻,恭已愼臨軒。 ","葱嶺接崑崙,痕都天竺藩(向稱溫都斯坦乃痕都斯坦之誤,今考梵文改正。以新疆道里方向證之, 其地當由回部過葱嶺,至拔達克山西南,即其地盖北印度交界說,詳考訛篇中,)瓊枝產寶夥,水磨省工煩(聞彼處治玉以水磨,不以沙石錯),泰冒徒聞浴,和闐此溯源,匪求來不拒,弗韞賈堪言,盈尺區寧論(去聲),成雙珏寔存,中規仍瓣瓣,合度更渾渾,帶蒂芳葩簇, 通身翠葉翻,荒唐說泝水(卞和之事向曾有詩辨其誣), 約畧比嬰垣,謾詡連城貴,端知五德尊,孫卿有佳喻,恭已愼臨軒。 "
Jade012a,"QL text on both ink bottle and wooden Box lid: 削木中書擬管城,橫行却向左而行,宛看琢玉成筆室,更介為缾貯墨卿,點染謄章工述事,取携湊便恰怡情,非珍新樣兼精玖,用識同文異獻荊。 (QL) NEED SEVEN MINISTERS' TEXTS ON BOX LID

Shen Chu: 藝苑琳應出禁城使來壓韋這持行房兼四寶殊蘇諧稟順震潘髓漢卿舍潤德全珍地產揮亳因遁醴皇帝嚴從明域凝師古量藩凝壺筆削荊 [臣沈初恭和]","(序)製出回中,珍儲席上。抽璚筦則擬毛錐,戢戢珥時,可比昭華,貯隃糜則見墨海, 潭潭蘸處,奚誇銀甕。琢成附體文房,信具二難,收便聯函璧府,疑兼雙珏,蓋彼貴人所用,供奉謄章。其來萬里而遙,微慙玩物爲憶,旁行左向,緘秘笈者,曾供削牘之書,更同四角,中央詠瓣香焉,試續銘盤之句。

削木中書擬管城(中土聚毫為筆,外城削木供書,猶存古製也),橫行却向左而行(梵書向右行,外域書多同,惟回書雖旁行而向左,與漢書同),宛看琢玉成筆室,更介為缾貯墨卿,點染謄章工述事,取携湊便恰怡情,非珍新樣兼精玖,用識同文異獻荊。 

Shen Chu: 御製詠痕都斯坦玉墨瓶筆室元韻 藝苑琳應出禁城使來壓韋這持行房兼四寶殊蘇諧稟順震潘髓漢卿舍潤德全珍地產揮亳因遁醴皇帝嚴從明域凝師古量藩凝壺筆削荊 (Check printed note text for accuracy of CText note text 筆之雕酬蹴關一萬讓)"
Jade012b,"削木中書擬管城，横向卻向左而行。
宛看琢玉成筆室，更介為瓶貯墨卿。
點染謄章工述事，取攜臻便恰恰情。
非珍新樣兼精玖，用識同文異獻荊。",削木中書擬管城（中土聚毫為筆外域削木供書猶存古製也），横行却向左而行（梵書向右行外域書多同惟回書雖旁行而向左與漢書同）。宛看琢玉成筆室，更介為缾貯墨卿。㸃染謄章工述事，取携湊便恰怡情。非珍新様𠔥精玖，用識同文異獻荆。
Jade013,"繽纷華葉翻，水磨製婴垣。
细入毛髮理，渾無斧鑿痕。 
冰心欣可在，仁色表斯溫。
典雅司空品，買春且漫論。（蓋內）",繽紛花葉翻，水磨製嬰垣。細入毛髪理，渾無斧鑿痕。冰心欣可在，仁色表斯温。典雅司空品，買春且漫論。
Jade014,"戢干西極各安居,表進傳盧弗改初,雙器先之宜酌納,五年貢亦不為疎,球琳欛內鐵銜定,氆氇室端銀鏤諸,以短乘長休論彼,薄來厚往益懷予。 ","戢干西極各安居,表進佉盧弗改初,雙器先之宜酌納,五年貢亦不為疎(是部隔和闐又二千餘里,癸未年曾遣使進武器,亦有詩),球琳欛內鐵銜定,氆氇室端銀鏤諸,以短乘長休論彼,薄來厚往益懷予。 "
Jade015,"QL: 考工未藉玉人爲,萬里從風貢自馳,巧匠由來琢喀嗎,金神曾是守熏池,規圓外復出瓜瓣,尺滿中仍結菃蕤,不寶華囂寳獻善,王孫圉語厪吾思。 Officials: NEED their poems - not included in any published sources. Officials with listed poems: 劉統勳、劉綸、于敏中、董邦達、王際華、錢維城、曹文埴、彭元瑞、沈初、董誥等人","Imperial poem: 考工未藉玉人爲,萬里從風貢自馳(守伊犁將軍伊勒圖所進),巧匠由來琢喀嗎(回之古巧匠名),金神曾是守熏池,規圓外復出瓜瓣,尺滿中仍結菃蕤,不寶華囂寶獻善,王孫圉語厪吾思。 
Need officials' poems"
Jade016a,"良璆出大蒙,山石那須攻,省力資水磨,精鐫本鬼工。式成瓜列瓣,氣吐草垂虹,曾未三朡伐,貢原西旅同。 ","良璆出大蒙,山石那須攻,省力資水磨,精鐫本鬼工。式成瓜列瓣,氣吐草垂虹,曾未三朡伐(平定回部師未至痕都斯坦),貢原西旅同。 "
Jade016b,"良璆出大蒙,山石那須攻,省力資水磨,精鐫本鬼工。式成瓜列瓣,氣吐草垂虹,曾未三朡伐,貢原西旅同。 ","良璆出大蒙,山石那須攻,省力資水磨,精鐫本鬼工。式成瓜列瓣,氣吐草垂虹,曾未三朡伐(平定回部師未至痕都斯坦),貢原西旅同。 "
Jade017,"(序)痕都斯坦玉杯一,圓楕作荷葉形,跗有蒂,曲柄環之,旁出艾葉二,達於杯唇,卷其上可執。瑩薄如紙,惟彼中匠能之,內地玉工,謝弗及也。

四疊團荷葉,雙牽長艾枝,製出非華夏,巧實勝般倕,撫處不留手,琢時那構思,旅獒垂法語,三復畧慙斯。 ","痕都斯坦玉杯一,圓楕作荷葉形,跗有蒂,曲柄環之,旁出艾葉二,達於杯唇,卷其上可執。瑩薄如紙,惟彼中匠能之,內地玉工,謝弗及也。

四疊團荷葉,雙牽長艾枝,製非出華夏,巧實勝般倕,撫處不留手,琢時那構思,旅獒垂法語,三復畧慙斯。 "
Jade018,"崑嶠產瑤琳,泰蒙每獻琛,薄來雖厚往,不定恧攸箴, 跗鄂承還疊,英華燦且沈,錦囊珍什襲,可復憶雲岑。","崑嶠產瑤琳,泰蒙每獻琛,薄來雖厚往,不寳恧攸箴, 跗鄂承還疊,英華燦且沈,錦囊珍什襲,可復憶雲岑。"
Jade019,"掌非周玉府,攻自泰西瀛,絕勝舒州杓,何須力士鐺,璞原誤荊國,蕊特艷昌城,試問宜誰贈,應調傳說羹。 (QL) Need 6 ministers' poems, written in response to QL's poem, on zitan box lid","掌非周玉府,攻自泰西瀛,絕勝舒州杓,何須力士鐺,璞原誤荊國,蕊特艷昌城,試問宜誰贈,應調傳說羹。 "
Jade020,"(序)郵從西土,蕊簇四面,重台碾出,筠浮暈若,兩旁抱珥,貢效泰蒙,包匭來隨,都護歸軺,用是擒吟,以代紀實。

截眆出泰冒,製椀自痕都,形色雙合相,磨礲了似無,葉翻含蕾耳,瓣發抱花趺,通道恒來貢,懷柔義厪吾。 ","(序)郵從西土,蕊簇四面,重台碾出,筠浮暈若,兩旁抱珥,貢效泰蒙,包匭來隨,都護歸軺,用是擒吟,以代紀實。

截眆出泰冒,製椀自痕都,形色雙合相,磨礲了似無,葉翻含蕾耳,瓣發抱花趺,通道恒來貢,懷柔義厪吾。 "
Jade021a,"懿此嬰垣玉,出惟羭次山,色真勝霜雪,器豈類釵環,設貢岐周際,應陳琬琰間,車磲定何物,八斗費言艱。 ","懿此嬰垣玉,出惟羭次山,色真勝霜雪,器豈類釵鐶,設貢岐周際,應陳琬琰間,車磲定何物,八斗費言艱(曹植有車磲盌賦)。 "
Jade021b,"懿此婴垣玉，出惟羭次山。 
色真勝霜雪，器豈類釵環。 
設貢岐周際，應陳琬琰間。
車磲定何物，八鬥費言艱。（外壁）",懿此嬰垣玉，出惟羭次山。 色真勝霜雪，器豈類釵鐶。 設貢岐周際，應陳琬琰間。車磲定何物，八斗費言艱(曺植有車磲盌賦)。
Jade022,"周尺將盈尺,斯盤乃是盤,幾曾掌玉府,見說鬻都丸,團似月輪滿,薄於楮葉單,截肪置其裏,辨質信應難。 ","周尺將盈尺,斯盤乃是盤,幾曾掌玉府,見說鬻都丸(拔達克山迤西至痕都斯坦掌貨稅者, 皆謂之都丸),團似月輪滿,薄於楮葉單,截肪置其裏,辨質信應難。 "
Jade023,"NPMT: 荷柄曲擎一朶花,旁生兩蕾致堪拏,琢由西海如甊瓿,製弗東周有虺蛇,栗縝圓彫粲瑤蕊,髮絲微起尚瓊華,奇珍不脛還常至,空谷白駒歎轉遐。 VAM: 荷柄曲擎一朶花，旁生兩蕾致堪拏，琢由西海如甊瓿，製弗東周有虺蛇，栗縝圎雕粲瑶蕋，髪絲㣲起尚瓊華，竒珎不脛還常至，空谷白駒嘆轉遐。乾隆庚寅新正上澣御题。（颈）","荷柄曲擎一朶花,旁生兩蕾致堪挐,琢由西海如甊瓿,製弗東周有虺蛇,栗縝圓彫粲瑤蕊,髮絲微起尚瓊華,奇珍不脛還常至,空谷白駒歎轉遐。 "
Jade024,"痕都撈玉出河濱,水磨磨成製絕倫,百瓣細攢穩承足,雙葩夾輔巧持唇, 瓊瑤自古來西域,精緻而今勝玉人,不以飲醪以啜茗,戒哉惡旨久書紳。 

（跋）盃圓而橢,口四出,趺攢菊英,下圍敷葉十二,左右長葉各一,上出及盃唇,稍外偃,復有兩花下垂。承以短葉,可用執,玉旣瑩淨,製薄如紙,良材巧琢,非中土玉工所能仿佛也。 ","痕都撈玉出河濱,水磨(去聲)磨(平聲)成製絕倫,百瓣細攢穩承足,雙葩夾輔巧持唇, 瓊瑤自古來西域,精緻而今勝玉人,不以飲醪以啜茗,戒哉惡旨久書紳。 

盃圓而橢,口四出,趺攢菊英,下圍敷葉十二,左右長葉各一,上出及盃唇,稍外偃,復有兩花下垂。承以短葉,可用執,玉旣瑩淨,製薄如紙,良材巧琢,非中土玉工所能仿佛也。 "
Jade025,"痕都斯坦菊花椀
径一圍三尺有餘，水磨工異考工書。
耳垂翻出雙苞綴，足砥紛承碎瓣舒。
包貢却非来玉隴，通商恆是走渠胥。
菊花依舊重陽節，合贈淵明五柳居。
乾隆庚寅御题[square seal] 比德
","徑一圍三尺有餘,水磨工異考工書,耳垂翻出雙苞綴,足砥紛承碎瓣舒,包貢却非來玉隴(和闐所屬城名),通商恒是走渠胥(痕都斯坦猶在拔達克山西南,彼處商人時持玉器來鬻葉爾羌)。菊花依舊重陽節,合贈淵明五柳居。 "
Jade026,"製出月邦，貢來蔥嶺。撫香琳之溫潤，搴芳艾之葳蕤。腴琢連城，閬圃宜承曦露；花開四照，善卷正艷秋陽。惟置盂取義乎益安， 而銘器寓懷於非寶。四出形如秋海棠， 葉翻雙耳執承漿。瓊英那許熏池守，垂草當生敖岸陽。冷語嘩囂漫致誚，温容沕穆自含光。泰西製豈能知古，喻水休論圓與方。
（外壁）","(序)製出月邦,貢來䓗嶺.撫碧琳之温潤,搴芳艾之葳蕤.腴琢連城,閬圃宜承晞露;花開四照,善卷正艷秋陽.惟置盂取義乎益安,而銘器寓懐於非寶.四出形如秋海棠,葉翻雙耳執承漿.瓊英那許薫池守,垂草當生敖岸陽.冷語譁囂漫致誚,温容沕穆自含光.泰西製豈能知古,喻水休論圓與方."
Jade027,"NPMT: 璞韞昆山,鏤傳印度,卷芳莖而環耳,攢花纈以承趺,晶瑩一規,允彼良工巧琢縈五字,嘉茲寶器恒來。

西崑率產玉,良匠出痕都,楮刻異三載,水磨成百瑜,製精畫難比,器鉅執如無,不寶非求彼,頻來却慙(去聲)吾。 DPM: 西崑率產玉，良匠出痕都。
楮刻異三載，水磨成百瑜。
製精畫難比，器鉅執如無。
不寶非求彼，頻來卻慚吾。（內壁）","(序)璞韞昆山,鏤傳印度,卷芳莖而環耳,攢花纈以承趺,晶瑩一規,允彼良工巧琢縈五字,嘉茲寶器恒來。

西崑率產玉,良匠出痕都,楮刻異三載,水磨成百瑜,製精畫難比,器鉅執如無,不寶非求彼,頻來却慙(去聲)吾。 "
Jade028,"玉瓢一握如瓜瓣,有蒂有葉還有花,和闐出玉不解琢,琢自痕都萬里遐,崑崙之岡產美質,喀嗎水磨攻錯加,製爲飲器可攜帶,清泉舉酌勝烹茶。異域都大尚武備,以獵以戰隨操挐,是盖彼中貴者用,非棗乃是安期瓜,弗徵弗索聽貿易,近利市至三倍奢,徒置棐几佐文玩, 殊方聲教奚事誇,却笑設贈許顏輩,棄而弗顧當興嗟。 ","玉瓢一握如瓜瓣,有蒂有葉還有花,和闐出玉不解琢(和闐雖有玉工而不能精琢,精琢者皆出痕都斯坦,彼處亦出玉,蓋愈西愈近崑崙矣),琢自痕都萬里遐,崑崙之岡產美質,喀嗎水磨攻錯加,製爲飲器可攜帶,清泉舉酌勝烹茶。異域都大尚武備,以獵以戰隨操挐,是盖彼中貴者用,非棗乃是安期瓜,弗徵弗索聽貿易,近利市至三倍奢,徒置棐几佐文玩, 殊方聲教奚事誇,却笑設贈許顏輩,棄而弗顧當興嗟。 "
Jade029,"NPMT 遠域逮西瀛,崇崑產翠瓊,省工有水磨,巧匠作鐙檠,那更稱銀鐲,雅宜燦玉瑛,趺承盤一具,柄置盞雙撑,緻芴層翻葉,昻藏獨挺莖,寧誇高七尺,真足重連城,善市由他致,頻來亦自驚,似茲供繼照,藉可贊離明。 DPM 遠域逮西瀛，崇昆產翠瓊。
省工有水磨，巧匠作鐙檠。
那更稱銀鐲，雅宜燦玉瑛。
趺承盤一具，柄置盞雙撐。
致芴層翻葉，昂藏獨挺莖。
甯誇高七尺，真足重連城。
善市由他致，頻來亦自驚。
似茲供繼照，藉可贊離明。（托盤）","遠域逮西瀛,崇崑產翠瓊,省工有水磨,巧匠作鐙檠,那更稱銀燭,雅宜燦玉瑛,趺承盤一具,柄置盞雙撑,緻芴層翻葉,昻藏獨挺莖,寧誇高七尺,真足重連城,善市由他致(回人皆善贾,痕都斯坦雖地當印度絕遠,而懋遷每至葉爾羌,故今恒得其玉器,聞其攻玉純用水磨,工省而製精,尤內地所不及也)頻來亦自驚,似茲供繼照,藉可贊離明。 "
Jade030,"崑嶠產瓊琪,良工精琢之,爛然七寶聚,斐若五花披,漆製徒傳古,金鏤詎足奇,南山藍玉合,雅似李家詩。 ","崑嶠產瓊琪,良工精琢之,爛然七寶聚,斐若五花披,漆製徒傳古,金鏤詎足奇,南山藍玉合,雅似李家詩。 "
Jade031,"（序）劚出雲腴,擎來雪椀,磨是西濛之水,挹殊北斗之漿,圓規徑四寸,而贏輕縠比五銖以薄,截肪旣美超魏札,鏤冰況巧壓吳工,無翼斯飛,有懷朅詠。 

良球本是出崑㠊,中器成珍亦鮮如,巧製水磨貽喀嗎,羞稱吳匠富專諸,羊脂比色脂嫌膩,楮葉方輕葉欠疎,精玩弗求廼頻致,每因擎用率慚予。 ","劚出雲腴,擎來雪椀,磨是西濛之水,挹殊北斗之漿,圓規徑四寸,而贏輕縠比五銖以薄,截肪旣美超魏扎,鏤冰況巧壓吳工,無翼斯飛,有懷朅詠。 

良球本是出崑墟,中(去聲)器成珍亦鮮(上聲)如,巧製水磨貽喀嗎(古時回巧匠名),羞稱吳匠富專諸(吳中玉匠多居專諸巷),羊脂比色脂嫌膩,楮葉方輕葉欠疎,精玩弗求廼頻致,每因擎用率慚予。 "
Jade032,"西崑玉工巧無比,水磨磨玉薄如紙,製爲飲器佐閜盌,形異梓人載周禮, 半匡芰荷葉翻上,一朶簷蔔花承底,又如老蚌擘方諸,暎月分明欲生水,撫不知痕眎知痕,何以措思何運指,奇技直擬下增椎,徐觀又復弗忍耳。 ","西崑玉工巧無比,水磨(去聲)磨(平聲)玉薄如紙,製爲飲器佐閜盌,形異梓人載周禮, 半匡艾荷葉翻上,一朶簷蔔花承底,又如老蚌擘方諸,暎月分明欲生水,撫不知痕眎知痕,何以措思何運指,奇技直擬下增椎,徐觀又復弗忍耳。 "
Jade033,"天方瓜樣夥,此器肖瓜形, 瓤訝留斯白,皮寧藉彼青,一花承妥帖,五瓣列匀停,貯水鄭門市,擎漿裴驛亭,種疑召家圃,泣匪楚王庭,綿瓞雖徵雅,賓夷亦忄經。 ","天方瓜樣夥,此器肖瓜形, 瓤訝留斯白,皮寧藉彼青,一花承妥帖,五瓣列匀停,貯水鄭門市,擎漿裴驛亭,種疑召家圃,泣匪楚王庭,綿瓞雖徵雅,賓夷亦惕經。 "
Jade034,"NPMT 外壁 琢羱肪之盈匊,晶瑩山輝,鏤蟬翼以隨規,潤研水磨。耳蕋垂而雙卷,趺蘤結而層承,美惟西極斯通,貴豈南琛可尚,花開四照,偶徵迷穀標名,組集五言,聊擬戲蓮具體,春華秋實,擷佩皆宜,月檻雲窗,詠歌是適。DPM cat HK2015 外壁: 琢羱肪之盈，匊晶瑩山輝。鏤蟬翼以隨，規潤研水磨。耳蕋垂而雙，巻趺蘤結而。層承美惟西，極斯通貴豈。南琛可尚花，開四照偶徴。迷穀標名組，集五言聊擬。戲蓮具體春，華秋實擷佩。皆宜月檻雲，窻詠歌是適。

Interior wall 內壁 text as published in 御製詩 is sequenced as 東南西北: 花開四照東,扶桑旭暎紅,千葩將萬卉,頭踏領春風。 

花開四照南,生意芳蕤含,迦葉底微笑,拈處是瞿曇。 

花開四照西,細葉扶柔荑,設擬䧿山種(上聲),佩之應不迷。 

花開四照北,如脂好顏色,貯水問何宜,惟宜八功德。 Interior wall 內壁 text as incised on object is sequenced as 東北西南 (KK confirmed in HK2015 p42 fig12 on 6/17/20. Does this change the ultimate meaning of the poem, and how much?)

花開四照東，扶桑旭映紅。千葩將萬卉，頭踏領春風。花開四照北，如脂好顔色。貯水問何宜，惟宜八功徳。花開四照西，細細葉扶柔荑。設擬昔隹山種，佩之應不迷。花開四照南，生意芳蕤含。迦葉底微笑。拈處不瞿雲。（內壁）","(序) 琢羱肪之盈匊,晶瑩山輝,鏤蟬翼以隨規,潤研水磨。耳蕋垂而雙卷,趺蘤結而層承,美惟西極斯通,貴豈南琛可尚,花開四照,偶徵迷穀標名,組集五言,郰？擬戲蓮具體,春華秋實,擷佩皆宜,月檻雲窗,詠歌是適。(外壁)

花開四照東,扶桑旭暎紅,千葩將萬卉,頭踏領春風。 

花開四照南,生意芳蕤含,迦葉底微笑,拈處是瞿曇。 

花開四照西,細葉扶柔荑,設擬䧿山種(上聲),佩之應不迷。 

花開四照北,如脂好顏色,貯水問何宜,惟宜八功德。 (內壁）"
Jade035a,"盤敦真裁玉,琅玕非贈青,瓜皮無鼂采,韭葉豈瓏玲,弗翼來西洱,輸誠貢大庭,繹思君奭語,愧覺不遑寧。 ","盤敦真裁玉,琅玕非贈青,瓜皮無鼂采,韭葉豈瓏玲,弗翼來西洱,輸誠貢大庭,繹思君奭語,愧覺不遑寧。 "
Jade035b,槃敦真裁玉，琅玕非贈青，瓜皮無鼂采，韭葉豈玲瓏，弗翼來西洱，輸誠貢大庭，繹思君奭語，愧覺不惶寧。 乾隆甲午御题 (内壁),"緑玉盤
　　槃敦其裁玉琅玕非贈青𤓰皮無鼂采韭葉豈瓏玲弗翼來西洱輸誠貢大庭繹思君奭語愧覺不遑寜"
Jade036,"瑩比截肪,薄疑鏤翼,質輕且美,五銖機若仙成,制巧而精,十合規由神運,磨水旣泯茲圭角,貯冰自徹彼中邊,徠遠足珍詠懷非寶。 

稷翼出奇質,良工心運靈,作杯成照世,瑛斗見明星,耳葉翻而拱,身花匀且停,磨礱泯楞角,攢簇鎖瓏玲,在手疑無物,定睛知有形,自應生穆瀣,那可酌湘𨤍。 ","瑩比截肪,薄疑鏤翼,質輕且美,五銖機若仙成,制巧而精,十合規由神運,磨水旣泯茲圭角,貯冰自徹彼中邊,徠遠足珍詠懷非寶。 

稷翼出奇質,良工心運靈,作杯成照世,映斗見明星(禮含文嘉曰:玉石得宜則太白常明),耳葉翻而拱,身花匀且停,磨礱泯楞角,攢簇鎖瓏玲,在手疑無物,定睛知有形,自應生穆瀣,那可酌湘𨤍。 "
Jade037,"色如截肪薄如紙，西崑玉人巧無比。
那知士禮設東榮，萬里流沙亦有此。
器同其製略弗同，荷葉為形柄曲委。
讀阿里卜通漢書，寓義依然是承水。","色如截肪薄如紙,西崑玉人巧無比,那知士禮設東榮,萬里流沙亦有此,器同其製畧弗同,荷葉爲形柄曲委,讀阿里卜(囘書名,讀其書者必始於此)通漢書,寓義依然是承水。 "
Jade038,"精球出玉瓏鼂采葆光瑩,良工相材琢,寶刀裝作柄,截肪還以用截肪,曰名曰實曷有常,即物思義,至理弗奇,太阿不可倒持,予言亦戒莫違。 ","精球出玉隴(和闐別域名出玉處)鼂采葆光瑩,良工相材琢,寶刀裝作柄,截肪還以用截肪,曰名曰實曷有常,即物思義,至理弗奇,太阿不可倒持,予言亦戒莫違。 "
Jade039,良工精琢，巧尚痕都。古樸斑華，浸疑炎漢。擷花英而規面六出。因重掄黍尺以量圍，三分乘八，執虚如滿。耳正卷然，錯采為文。體全粲若，物惟其適。詎云罕見為珍，器審所從，實則遠徕宜詠。古玉痕都亦有之，土花繁縟製尤奇。由來入絮同中外，終致肆筵可慨。思數出瓣，擎花各種，兩分耳吐蕾雙垂，圍三徑一逾周尺。念在盂圓鑑在兹。（内壁）,"(序) 良工精琢,巧尚痕都。古樸斑華,浸疑炎漢。擷花英而規面六出。因重輪黍尺以量圍，三分乘八，執虛如滿。耳正卷然，錯采爲文。體全粲若，物惟其適。詎云罕見爲珍器，審所從實，則遠來宜詠。

古玉痕都亦有之，土花繁縟製尤奇or竒。由來入絮同中外，終致肆筵可慨思。數出瓣擎花各種，兩分耳吐蕾雙垂。圍三徑一逾周尺，念在孟圓鑒在茲。 "
Jade040,"痕都玉器來己夥,似兹舊物誠罕覩,製旣樸雅非華囂,質亦渾然穆而古,瓠可酌水斯象之,細腰大腹如剖腑,皮畧爲瓣疑就模柄孔穿繩便攜取,瓢飲由來古所稱,而彼那知顏與許,喀嗎琢爲眉哩用,戰獵佩之隨步武,賁來中國兩無藉,數典難尋周玉府,宣和刻印非所云建初脱粟儉堪祖,文房真稱件清吟,偶用輒因懷杜甫。 ","痕都玉器來己夥,似兹舊物誠罕覩,製旣樸雅非華囂,質亦渾然穆而古,瓠可酌水斯象之,細腰大腹如剖腑,皮畧爲瓣疑就模(瓠無瓣,此器外皮有瓣,上林以模夾葫蘆成器者乃有之,或外國葫蘆本有瓣,則不可知矣)柄孔穿繩便攜取,瓢飲由來古所稱,而彼那知顏與許,喀嗎(匠名)琢爲眉哩(汗名)用,戰獵佩之隨步武,賁來中國兩無藉,數典難尋周玉府,宣和刻印非所云(洞天清錄,宣和有玉瓢御寶)建初脱粟儉堪祖(漢章帝紀有恨不能瓢飲脱粟耳之語),文房真稱(去聲)件清吟,偶用輒因懷杜甫(杜甫詩,瓢飲惟三徑)。 "
Jade041,"量材爲器匪瓊英,工緻訝難意想成,喀嗎匠能逞彼巧,專諸人或遜其精,相金釘寶撫無迹,簇葉攢花視有情,每憶旅獒篇著訓,擒吟還覺愧平生。 ","量材爲器匪瓊英(此玉盤品乃中平而製絕精巧,蓋以掩其不逮也),工緻訝難意想成,喀嗎(回語以匠人爲喀嗎)匠能逞彼巧,專諸人或遜其精(蘇城玉人多居專諸巷),相金釘寶撫無迹,簇葉攢花視有情,每憶旅獒篇著訓,摛吟還覺愧平生。 "
Jade042,"初琢繼磨細，花攢葉簇精。
目原覩其疊，手乃撫之平。
表裏都圓潔，色形若混成。
新疆歲貢果，三品恰宜盛。","初琢繼磨細,花攢or攅葉簇精,目原覩其叠,手乃撫之平,表裏都圓潔,色形若混成,新疆歲貢果,三品恰宜盛(回部歲貢蘋果、石榴、木瓜三果,每以盤貯陳設,向曾與乾清宮西暖閣几上虎錞內所供之吉祥草,同繪爲歲朝圖,因以聯句)。 "
Jade043,"崑岡孕瑞產精瑜,歲以爲常貢外區,作器真看凝素液,宜人惟是發華腴,撫辰用惕民猶水,取象宛呈震仰盂,大白從來凜戒旨,賜茶廣殿乃時須。 ","崑岡孕瑞產精瑜,歲以爲常貢外區,作器真看凝素液,宜人惟是發華腴,撫辰用惕民猶水,取象宛呈震仰盂,大白從來凜戒旨,賜茶廣殿乃時須。 "
Jade044,"伯克呈方物,薄來厚往加解嘲原尚白,不掩本無瑕,李氏呼爲月,杜家藉以霞,七枚貯桃子,荒誕那須誇。 ","伯克呈方物(盤爲葉爾羌三品阿奇木伯克貝勒銜鄂對所進,依例折價倍值厚賚之),薄來厚往加解嘲原尚白,不掩本無瑕,李氏呼爲月(李白詩:小時不識月,呼作白玉盤),杜家藉以霞(杜甫詩:登以白玉盤,藉以如霞綺),七枚貯桃子,荒誕那須誇。 "
Jade045,"脂白原非綠,緣何形作瓜,庭堅臉如削,顏子巷曾挐,蔓自青連葉,背還黃綴花,考工當致愧,攻錯若爲加。 ","脂白原非綠,緣何形作瓜,庭堅臉如削,顏子巷曾挐,蔓自青連葉,背還黃綴花,考工當致愧,攻錯若爲加。 "
Jade046,"年班伯克入朝覲,包貢呈由典屬官,昆嶠良材中孟椀,痕都巧製泯彫刓,食芹負曝通誠遠,厚往薄來折實寬,不貴異物賤用物,慙仍民足致艱觀。 ","年班伯克入朝覲(伯克,回部官名而職掌及名號各不同。其曰阿奇木伯克,總理一城事務,若內地之都統;伊什罕伯克,協理事務若內地之副都統,其品級則自三品至七品不等,皆以城務大小爲差;又有噶咱納齊伯克,管理地畝錢糧;商伯克爲其協理;哈資伯克,司刑名詞訟;訥克布伯克, 司貿易匠役;摩提色布伯克,司念經事;密圖巴理伯克,司買賣田產;密拉布伯克,司水利;都管伯克,司來使供給及文移等事;巴濟格爾伯克,司牲畜稅務;巴克瑪塔爾伯克,司菜園;什瑚爾伯克,備差遣之事,阿爾巴布伯克,承催錢糧;帕提沙布伯克,管巡捕事;明伯克,管本城本村一切事及雜項差務; 克勒克雅拉克伯克,司外來貿易稅務;鄂爾親伯克,司水利事;默克塔布伯克,司教幼童經卷;塞依得爾伯克,司街道巡察及園木事務;哲百伯克,司軍器;官品大小及員數皆不同,亦視各城之繁簡,爲率其職掌相沿已久,官名悉乃其舊,而選補則由駐辦大臣等核定奏聞,茲敍其大畧,其詳則於西域輿圖志中備載之),包貢呈由典屬官,昆嶠良材中(去聲)孟椀,痕都巧製泯彫刓,食芹負曝通誠遠,厚往薄來折實寬(回部貢物,所司例應折賞,命倍其直予之,以示柔遠也),不貴異物賤用物,慙仍民足致艱觀。 "
Jade047,"崑崙西極王母都，孕靈毓秀產美瑜。
方言印度音各殊，厥有玉人喀嗎呼。
水磨製此桃耳盂，寳砂琢磨異專諸。
薄於紙更輕於銖，撫不留手瓊華敷。 
寳光內含外復腴，西池得式其然乎。(內璧)","崑崙西極王母都,孕靈毓秀産美瑜.方言印度音各殊(痕都即印度之轉音),厥有玉人喀嗎呼(彼處呼玉人為喀嗎,攻玉為水磨),水磨(去聲)製此桃耳盂,寳砂琢磨異専諸(吳中玉匠多出專諸巷).薄於紙更輕於銖,撫不留手瓊華敷.葆光内含外復腴,西池得式其然乎."
Jade048,"分瓣呈十出，中規總一圓。 
葉翻雙耳執，朵綴兩胎卷。
翠韭為色潤，攢花承足鮮。
方諸薦明水，曾握大宛仙。(內壁）","分瓣呈十出,中規總一圓,葉翻雙耳執,朶綴兩胎卷,翠韭爲色潤,攢花承足鮮,方諸薦明水,曾握大宛仙。 "
Jade049,"一握垂垂似白茄，根猶帶葉背依花。
蜀人謾訝以為藕，齊相休稱不削瓜。
冬日飲湯夏飲水，撫之無跡視無瑕。
幾廻吟詠還增愧，毀匵難閑典守邪。（內壁）","一握埀埀似白茄,根猶帶葉背依花.蜀人謾訝以為藕,齊相休稱不削𤓰.冬日飲湯夏日水,撫之無跡視無瑕.㡬迴吟詠還増愧,毁匵難閑典守邪.(回疆辦事大臣間,有以亷俸所餘購.得痕都斯坦玉噐呈進者乃髙樸至葉爾羌藉此為由.向回人短價購覔或强索而不給值種種苦累回衆無.不嗟怨㡬至激變且交通奸商盗竊官玉.運至内地私售贓逾鉅萬實為罪不容誅.) "
Jade050,"形如蚌殼乃圓其,作器宛資挹注茲,漢史畧殊真臘獻,說符却似宋人爲,毫芒繁澤輕於葉,背面渾成腴若脂,設擬方諸取明水,由來與月共盈虧。 ","形如蚌殼乃圓其,作器宛資挹注茲,漢史畧殊真臘獻,說符却似宋人爲,毫芒繁澤輕於葉,背面渾成腴若脂,設擬方諸取明水,由來與月共盈虧。 "
Jade051,"鹿台嘉產來遐顾,彼中良工細彫鎪,式異漢盃及商卣,瓢飲一具琢美球,瓜分數瓣花葉浮,曲柄迴顧爲羊頭,匪美所思用意周,其脂非遠其性柔,東陵關內伊誰侯。 ","鹿台嘉產來遐陬,彼中良工細彫鎪,式異漢盃及商卣,瓢飲一具琢美球,瓜分數瓣花葉浮,曲柄迴顧爲羊頭,匪夷所思用意周,其脂非遠其性柔,東陵關內伊誰侯。 "
Jade052,"罽賓巧彫刻,其地近痕都,製椀圓而楕, 撫形有若無,開花自分瓣,綴葉更承趺,宜贈青蓮李,蘭陵琥珀沽。 ","罽賓巧彫刻,其地近痕都,製椀圓而楕, 撫形有若無,開花自分瓣,綴葉更承趺,宜贈青蓮李,蘭陵琥珀沽。 "
Jade053,"度尺盈周尺,貢珍果國珍,潜光煥山澤,垂棘暎星辰,美質出龍首,良工造罽賓,流離傳漢史,琬琰賦唐人,徑一繩引直,圍三規中循,釘心含蕚簇,分瓣布英匀,列宿都拱北,四時原始春,雨風占異好, 尊斝可同陳,背面胥環抱,英華復樸淳,人工天巧奪,理寓器呈恂,脂白鮮他比,水圓切已頻,如何不脛者,萬里此重轃。 ","度尺盈周尺,貢珍果國珍,潜光煥山澤,垂棘暎星辰,美質出龍首,良工造罽賓,流離傳漢史,琬琰賦唐人,徑一繩引直,圍三規中(去聲)循,釘心含蕚簇,分瓣布英匀,列宿都拱北,四時原始春(是椀分四大瓣,又各爲七小瓣,如二十八宿也),雨風占異好, 尊斝可同陳,背面胥環抱,英華復樸淳,人工天巧奪,理寓器呈恂,脂白鮮他比,水圓切已頻,如何不脛者,萬里此重轃。 "
Jade054,"珍含鼂采,琢將兩珥生花,喻擬晚香,捧出一函瑩雪,工精水磨,製撞痕都,比朗暎於冰壺,借新彫於楮葉,鑑存非寶,詠以代銘。

印度良工夥,水磨佳法存,羊脂標質潤,菊瓣簇英翻,未似楮爲久,還無斧鑿痕,水圓如借喻,聚好愧難言。 ","(序)珍含鼂采,琢將兩珥生花,喻擬晚香,捧出一函瑩雪,工精水磨,製撞痕都,比朗暎於冰壺,借新彫於楮葉,鑑存非寶,詠以代銘。

印度良工夥(華言印度即譯痕都二字,成文蓋已久矣),水磨(平聲)佳法存(彼處用水磨磨玉, 工省而製精),羊脂標質潤,菊瓣簇英翻,未似楮爲久,還無斧鑿痕,水圓如借喻,聚好(去聲)愧難言。 "
Jade055,"菊泉益壽傳佳話,孰謂痕都識琢鎪,中國久經聲教訖,殊方應許寶珍售,擎如無物思難措,撫實有華手不留,雙朶翻垂作嘉鋬,畧如述古伴周卣。 ","菊泉益壽傳佳話,孰謂痕都識琢鎪,中國久經聲教訖,殊方應許寶珍售,擎如無物思難措,撫實有華手不留,雙朶翻垂作嘉鋬,畧如述古伴周卣。 "
Jade056,"廊廟自有寳，端惟席上珍。弼予糾愆謬，贊化協星辰。
詎曰諸言備，甯誇萬國賓。何來盈尺碗，製自遠瀛人。
豐劍依前偶，合珠聯舊循。宿分廿八妥，位占四方勻。
妙理未聞古，鴻工總發春。璿璣調橐錀，玉律代新陳。
鼂彩英而素，葆光麗且淳。對增心穆穆，仰似德恂恂。
欲詠仍慚迭，言捐乂惜頻。不招還不拒，商賈任其轃。 (外壁）","(序)彫將雲葉,截肪宛爾成雙,製自月邦,合璧依然盈尺,聯宿則躔分四舍,數應天星,含章而美合前春,豐徵德產,庶符嘉谷之庇,端宜前席之珍,載葉新韶,爰賡舊韻。Poem: 廊廟自有寶,端惟席上珍,弼予糾or紏愆謬,賛化協星辰,詎曰諸員備,寧誇萬國賓,何來盈尺椀,製自遠瀛人,豐劒依前偶,合珠聯舊循,宿分廿八妥,位佔四方勻(辛丑所得玉碗,凡四大瓣又各爲七小瓣,如四方二十八宿,各按方位,是碗亦如之),妙理未聞古,鴻工總發春,璿璣調槖籥,玉律代新陳,鼂彩英而素,葆光麗且淳,對增心穆穆,仰似德恂恂,欲詠仍慚叠,言捐又惜頻,不招還不拒,商賈任其車轃。 "
Jade057,"瓜皮色已奇,瓜瓣製猶宜,彼此殊難辨,幻真因可思,靈川應未畫(錢選有畫瓜圖)若水却成詩,豈弟思君子,嘉哉挹注茲。 ","瓜皮色已奇,瓜瓣製猶宜,彼此殊難辨,幻真因可思,靈川應未畫(錢選有畫瓜圖)若水却成詩,豈弟思君子,嘉哉挹注茲。 "
Jade058,"材稱峚嶺精璆,萬里來遐,製出天方珍椀,幾番形詠,焕雲腴而比潤,經水磨以呈奇,葉抱全規,花縈雙耳,輕如蟬翅,技傳刻楮,鏤冰凝似羊脂,巧現心葩意蕊,祥徵益壽,詎惟貴比,連城慶洽宜春,復爾韻成五字。

又詠痕都碗,珍斯愧在斯,雙寧祗稱珏,圓實中於規,泰冒泰濛出,磨砂磨水治,精難措其手,妙己過乎思,薄訝蟬無翼,腴真羱有脂,上葩下葉擁,左珥右璫垂,大白殊史句,盂方異子辭,題成襲而置,笑此屬何爲。 ","(序)材稱峚嶺精璆,萬里來遐,製出天方珍椀,幾番形詠,焕雲腴而比潤,經水磨以呈奇,葉抱全規,花縈雙耳,輕如蟬翅,技傳刻楮,鏤冰凝似羊脂,巧現心葩意蕊,祥徵益壽,詎惟貴比,連城慶洽宜春,復爾韻成五字。

又詠痕都碗,珍斯愧在斯,雙寧祗稱珏,圓實中(去聲)於規,泰冒泰濛出,磨砂磨水治,精難措其手,妙己過乎思,薄訝蟬無翼,腴真羱有脂,上葩下葉擁,左珥右璫垂,大白殊史句,盂方異子辭,題成襲而置,笑此屬何爲。 "
Jade059,"月邦製巧,祥花載詠承趺,水磨工良,瑞朶新瑩環耳,驗雲腴於鏤楮,外潤中虛, 騰寶氣於連城,掩瑕呈美,比象則輝聯瓚卣,拈吟則喻叶盤盂,偶獲雙珍,重摛五字。                 巧製出痕都，質高工更殊。白非碧玉碗，光鄙水晶盂。瑞朶翻爲耳，祥花團簇跌。微瑕原非玷，掩有却如無。外潤德含被，中虛義具孚。聯翩致珍玩，題句祇慙吾。 ","(序)月邦製巧,祥花載詠承趺,水磨工良,瑞朶新瑩環耳,驗雲腴於鏤楮,外潤中虛, 騰寶氣於連城,掩瑕呈美,比象則輝聯瓚卣,拈吟則喻叶盤盂,偶獲雙珍,重摛五字。 

巧製出痕都,質高工更殊,白非碧玉碗,光鄙水晶盂,瑞朶翻爲耳,祥花團簇跌,微瑕原非玷,掩有却如無(玉微紋裂者爲瑕,微點污者爲玷,是器有微瑕而無玷,工人製葉,順其紋而不顯,非細觀並不知其有微瑕,亦精絕矣),外潤德含被,中虛義具孚,聯翩致珍玩,題句祇慙吾。 "
Jade060,"連蒂瓜爲盛水盂,柄如曲項肖鵝顱,于思豈讀右軍傳,解助墨池筆陣圖。 ","連蒂瓜爲盛水盂,柄如曲項肖鵝顱,于思豈讀右軍傳,解助墨池筆陣圖。 "
Jade061,"祥花浥露,千年土銹凝鮮,良玉如脂,一掬水磨含韞,驗豐徵於德產,寶氣浮筠, 創巧製於天方,神工刻葉,嗣杯盤而託詠,繋瓚卣以同稱,美踵前珍,吟裁六韻。 

天方出水磨,崑玉入金鐫,刻楮半分薄,中規一握圓,具當還具蓋,工鬼更工仙,撫不留手蹟,精惟用意專,葉疑風動裊,花想露承鮮,土浸微存銹,彼經千百年。 ","祥花浥露,千年土銹凝鮮,良玉如脂,一掬水磨含韞,驗豐徵於德產,寶氣浮筠, 創巧製於天方,神工刻葉,嗣杯盤而託詠,繋瓚卣以同稱,美踵前珍,吟裁六韻。 

天方出水磨,崑玉入金鐫,刻楮半分薄,中規一握圓,具當還具蓋,工鬼更工仙,撫不留手蹟,精惟用意專,葉疑風動裊,花想露承鮮,土浸微存銹,彼經千百年。 "
Jade062,"酪漿煮牛乳，玉碗擬羊脂。御殿威儀贊，賜茶恩惠施。 
子雍曾有譽，鴻漸未容知。論彼雖清矣，方斯不中之。 
巨材實艱致，良匠命精追。讀史浮大白，戒甘我弗為。（內壁）","酪漿煮牛乳(即奶茶,國家典禮,御殿則賜茶,所以示惠聯情也,按奶茶即酪,說文:酪,乳漿也。釋名:酪,澤也。乳作汁,所以使人肥澤也。),玉椀擬羊脂,御殿威儀賛,賜茶恩惠施,子雍曾有譽(王肅酪奴事),鴻漸未容知(陸羽煮茗),論彼雖清矣(謂陸),方斯不中(去聲)之(謂王即用其語),巨材實艱致,良匠命精追(音堆,詩云:追琢其章)讀史浮大白(用蘇東坡事,大白或亦玉椀耳,蓋玉碗用以盛酒則可,於茗飲則弗倫),戒甘我弗爲。 "
Jade063,"痕都水磨工,精巧信難窮,產自崑崙衍,鬻今京國通,薄過刻片楮,輕喩舉毛鴻,尤物可辭詠,詠還滋愧衷。 ","痕都水磨(去聲)工,精巧信難窮,產自崑崙衍(痕都斯坦葱嶺外之大國,在葉爾羌疆外西南千餘里,其山脈亦衍自崑崙,地多巧匠,水磨製玉尤爲精妙),鬻今京國通,薄過刻片楮,輕喩舉毛鴻,尤物可辭詠,詠還滋愧衷。 "
Jade064,"(序)質擅山輝,工成水磨,附攢萼疊酈泉益壽之花,鋬曲流長周家永祜之製,致潔用宜注水,迎年得兆乞漿,萬里譯重,世賢銘代。 

奇製天方器,雅同周代匜,四環可提繫,一鋬稱攜持,撫外影瞻內,花擎葉反披,密無鐫泐處,簡詠五言詩。 ","質擅山輝,工成水磨,附攢萼疊酈泉益壽之花,鋬曲流長周家永祜之製,致潔用宜注水,迎年得兆乞漿,萬里譯重,世賢銘代。 

奇製天方器,雅同周代匜,四環可提繫,一鋬稱(去聲)攜持,撫外影瞻內(言其簿),花擎葉反披(言其式),密無鐫泐處,簡詠五言詩。 "
Jade065,"谈以水方濃以韭,淡濃之際暈交并,雙重作蒂如含果,六出爲花不離瓊,豐殺莖柯從節度,毫芒不鄂悉分明,專諸巷裏精工者,三舍眞當退避行。 ","谈以水方濃以韭,淡濃之際暈交并,雙重作蒂如含果,六出爲花不離(去聲)瓊,豐殺(去聲)莖柯從節度,毫芒不(平聲)鄂悉分明,專諸巷裏精工者(蘇州專諸巷出玉工,較痕都水磨所爲遠不及),三舍眞當退避行。 "
Jade066,"水磨痕都製異常,原從規以得圓匡,一輪湧作虛中朗,百瓣分披向外香,兩耳擎來花葉具,雙環垂出淨娟光,卅年前鮮見尤物,幸處仍兼愧不當。 ","水磨痕都製異常(痕都斯坦玉工用水磨治玉,工省而製作精巧,迥非姑蘇玉匠所及),原從規以得圓匡,一輪湧作虛中朗,百瓣分披向外香,兩耳擎來花葉具,雙環垂出淨娟光,卌年前鮮見尤物(痕都斯坦更在拔達克山西南,自己卯平定回部後,彼處商人時持玉器來回疆售賣,始間有購得呈進者,蓋四十年前所無之物也),幸處仍兼愧不當。 "
Jade067,"痕都精製器，卧碗見多餘。
琢玉樣呈別，夢魚巧識初。（右側）
分無形迹露，合任泳游噓。
設欲遠方寄，此中應置書。（左側）","痕都精製器,盤盌見多餘,琢玉樣呈別,夢魚巧識初,分無形迹露,合任泳游嘘,設欲遠方寄,此中應置書(史記載蘇武雁足係書事,而古樂府亦有:呼兒烹鯉魚,中有尺素書句,後人遂以魚雁為寄書,故實不知,馬遷乃濫觴之始也。史記云:天子射上林中得雁,足有係帛書,言武在某澤中云云,雖爲常惠教使者詭言以給單于,而不顧爲事理之所無也,魚雁無知之物,焉解人意, 知其所寄之處而投之,不若置玉魚之腹,寄書爲相宜也,故戲及之)。 "
Jade068,"一朶瓊花千瓣披,圍承細葉却無枝,考之芳譜名弗識,來自遐方製實奇,撫不手留融內外,問那意想發葳蕤,端詳無可施鐫處,檀几平猶稱泐詞。 ","一朶瓊花千瓣披,圍承細葉却無枝,考之芳譜名弗識,來自遐方製實奇,撫不手留融內外,問那意想發葳蕤,端詳無可施鐫處,檀几平猶稱(去聲)泐詞。 "
Jade069,"痕都精製玉,水磨鬼工勝,遠路來多小,巨材此獨稱,圍三踰尺五,葉簇見重層,刀斧渾無迹,撫摩穆有徵,盂圓切君道,璧返異臣能,不貴聽其致,非誇稀世曾。 ","痕都精製玉,水磨鬼工勝(彼處玉人用水磨製玉,工省而製精),遠路來多小(地旣遠,其來售者率小器品,似此大者實罕見)巨材此獨稱,圍三踰尺五(言其質),葉簇見重層(言其紋),刀斧渾無迹,撫摩穆有徵,盂圓切君道,璧返異臣能,不貴聽其致(雖不貴異物,而其來售者亦不禁也),非誇稀世曾。 "
Jade070,"巧琢和闐王,四藏宛具中,雖非貴異物,實乃表丹衷,鐫字頗相似,排文却不通。鑒識與笑納,亦以暢文風。 ","巧琢和闐王,四藏宛具中(向於獅子林四藏書屋弆明彫漆匣內貯筆硯紙墨書屋,以是得名,是匣乃回城所作,竟能置文房四事於一處,蓋駸駸知中國文物矣),雖非貴異物,實乃表丹衷(塞提卜阿勒第乃回部葉爾羌阿奇木伯克,先是高樸駐劄葉爾羌,勾通奸商役使回人採玉販賣,又勒索彼處金銀珠寶,贓私纍纍,回衆無不怨憤。幸而塞提卜阿勒第列款呈首,永貴乃據實入告,隨將高樸等在彼正法,並免採玉回人次年應納之稅,回衆始安。爾時若非彼首先告發,再遲年餘,必至激生變亂,因即加封貝勒以示優獎。嗣後彼貢此器,特予賞收,非貴異物亦因其衷誠爲可嘉耳),鐫字頗相似,排文却不通(匣面横鐫風調萬壽萬雨順萬方如意十一字,由右而左雖爲祝頌吉詞,當緣未諳漢字文義,故不可句讀也)。鑒誠與笑納,亦以暢文風。 "
Jade071,"盂耳有環垂，考古製所貽。 何時外竊式，卻較內為奇。
疊葉薄如紙，簇花圓中規。 總應慎好惡，實覺惕生茲。（內壁）","盂耳有環垂，考古製所貽。 何時外竊式，卻較內為奇。
疊葉薄如紙(痕都斯坦玉工以水磨治玉, 製絕精巧, 向每有詠，但當所見者, 式樣與內地多有不同.而此盂則似竊中華之式，兩耳有環,下為三足，竟與西清古鑑周丁㐪盤, 漢獸環洗,形製相仿.而通體鐫鏤花葉，層疊隠互,其薄如紙，盖加精巧 )簇花圓中(聲去)規。 總應慎好惡，實覺惕生茲。"
Jade072,"和闐產良玉,追琢乏工爲,却賴痕都製,有過茂苑奇,足承花四發,耳綴朶雙垂,言念水圓喩,勅幾益慎之。 ","和闐產良玉,追琢乏工爲(和闐雖產玉而無良工),却賴痕都製,有過茂苑奇(蘇州專諸巷多玉工,然總不若痕都斯坦用水磨治玉,特爲精巧),足承花四發,耳綴朶雙垂,言念水圓喩(爲人君者猶盂也,民猶水也,盂方水方,孟圆水圓,見韓非子),勅幾益慎之。 "
Jade073,"水磨天方巧,專諸未足論,輸誠從遠域,嚮禮佐臨軒,看去有花葉,撫來無跡痕,雖云酬厚往,召誠意恒存。 ","水磨天方巧,專諸未足論(蘇州專諸巷多玉工,然不如和闐美玉痕都斯坦玉工所製者,彼蓋水磨所造,花葉分明,撫之却無痕跡,材美工巧是爲兼之),輸誠從遠域,嚮禮佐臨軒(凡御殿賜茶,例用玉椀爲宜)看去有花葉,撫來無跡痕,雖云酬厚往,召誠意恒存。 "
Jade074,"規是圓之至，千秋中外傳。雙環肖内地，一碗本西天。
好惡可不慎，琳瑯亦待鐫。他山憐彼石，為錯孰知焉。（內壁）","規是圓之至，千秋中外傳。雙環肖内地(内地所製玉椀, 有為雙環式者, 痕都斯坦向無此式, 今亦肖內, 地為之)，一椀本西天。好惡(二皆去聲)可不慎，琳瑯亦待鐫。他山憐彼石，為錯孰知焉。"
Objects with texts not included in NPMT 1983 list,,
Jade075,"肖是痕都式，琢仍玉隴珵。
承油盤一具，擎蠟幹雙撐。
繼照騰金焰，敷光燦玉英。
咸賓無遠邇，慎德緬王明。
(托盤中心)","肖是痕都式(痕都斯坦製玉極精巧回人善賈者每攜其器至葉爾羌市易向得其玉燈檠曾題以句茲用和闐玉仿為之),琢仍玉隴珵(玉隴乃和闐六城之一).承油盤一具,擎蠟幹雙撐.繼照騰金焰,敷光燦玉英.咸賓無遠邇,慎德緬王明."
Jade076,"罽賓巧雕刻，其地近痕都。製碗圓而橢，撫形有若無。
開花自分瓣，綴葉更承趺。宜贈青蓮李，蘭陵琥珀沽。
琛出方流磨，經遠水薄鏤。冰而比潔巧，刻葉以稱神。
名其器，匪雲寳欽。
進乎道，詎為藝視。(内壁）","罽賔巧雕刻,其地近痕都.製椀圓而橢,撫形有若無.開花自分瓣,綴葉更承趺.宜贈青蓮李,蘭陵琥珀沽. **御製詩全集 only includes the first portion of the poem (in black) incised on the object; object includes text in both black and yellow**"
Jade077,"舆昔獲盤符寸尺，只複成雙補闕益。忽分忽合無情石，猶覺愉焉色潤碧。
卻似延津龍躍澤，是宜有詩紀其跡。出師昔歲略崑侖，五載功成咸來賓。
天方默克西瀛津，或貢鏁甲或玉罇。付之有司武庫存，精金華服彩帛完。
薄來厚往已數年，物固有幸奇聯偶。伊犁扼要輪畨守，儲胥詎籍邊內取。
哈薩布露胥地醜，敢萌覬覦市易走。墾耕忽見此盤有，驛致同舊列左右。
絕域秋登萬寶滋，既足食矣還足衣。喜固在彼斯非奇，敢因志滿不戢師。
天庥敬奉戒恬熙，福謙保秦永志之。向欲速矣思增椎。",與昔獲盤符寸尺，隻復成雙補闕益。忽分忽合無情石，猶覺愉焉色潤碧。却似延津龍躍澤，是宜有詩紀其跡。出師昔嵗畧崑崙，五載功成咸来賔。天方黙克西瀛津，𢦙鏁甲𢦙玉罇。付之有司武庫存，精金華服綵帛完。薄来厚往已數年，物固有幸竒聫偶。伊犁扼要輪畨守，儲胥詎藉邉内取。哈薩布露胥地醜，敢萌覬覦市易走。墾耕忽見此盤有，驛致同舊列左右。絶域秋登萬寳滋，既足食矣還足衣。喜固在彼斯非竒，敢因志滿不戢師。天庥敬奉戒恬熙，福謙保泰永誌之。向欲速矣思増椎（前篇以得盤時逋逆尚未就殛故有擬付鄛人一例椎之句）。
Jade078,蘇州專諸巷多玉工，然不如和闐美玉痕都斯坦玉工所製者。彼蓋水磨所造，花葉分明，撫之卻無痕跡 ，材美工巧，是爲兼之。水磨天方巧，專諸未足論。輪誠從遠域，向禮佐臨軒。看去有花葉，撫來無跡痕。雖雲酬厚往，召誡意恆存。（外壁）,"[Object text does not include 水。。。論 but starts with note text beginning 蘇州] 水磨天方巧,専諸未足論.(蘇州専諸巷多玉工,然不如和闐美玉痕都斯坦玉工所製者.彼盖水磨所造,花葉分明.撫之卻無痕跡,材美工巧.是為兼之.)輪誠從遠域,嚮禮佐臨軒.(凡御殿賜茶例,用玉椀為宜)㸔去有花葉,撫来無跡痕.雖云酬厚往,召誡意恒存."
Jade079,"綠玉大盤径二尺，圍盈六尺含精澤。 蔥嶺之產蔥其色，砑光無瑕撫無跡。
團規寶月三五魄，素質弗事雕幾飾。 弘璧琬琰誰則識，荒唐徒見傳荊國。
歲貢用征遠人格，成器仍藉他山石。湯之盤銘日新徳，既宏博厚宥筍席。
式如比義思無斁。",緑玉大盤徑二尺，圍盈六尺含精澤。 蔥嶺之產蔥其色，砑光無瑕撫無迹。團規寳月三五魄，素質弗事雕幾飾。 弘璧琬琰誰則識，荒唐徒見傳荊國。歲貢用徵遠人格，成器仍藉他山石。湯之盤銘日新徳，既宏博厚宥筍席。式如比義思無斁。
Jade080,"和闐包貢歳頻來，希致如脂中碗材。 成器明庭襄大典，掞亳麗句泐奇環。
無纖瑕亦瑜無掩，有足受斯量有恢， 奕葉子孫永保用，赤刀弘璧等珍推。
（外壁）",和闐包貢嵗頻來，希𦤺如脂中椀材。成器眀庭襄大典（本朝禮儀凡御殿慶賀有賜茶之典命尚茶即以此椀供御），掞毫麗句泐竒壊。無纎瑕亦瑜無揜，有足受斯量有恢。奕葉子孫永保用，赤刀𢎞璧等珍推。
Jade081,,
Jade082,,
Jade091,"崑岡孕瑞產精瑜，歲以為常貢外區。
作器真看凝素液，宜人惟是發華腴。
撫辰用惕民猶水，取象宛呈震仰盂。
大白從來凜戒旨，賜茶廣殿乃時須。（外壁）","崑岡孕瑞產精瑜,歲以為常貢外區.作器真㸔凝素液,宜人惟是發華腴.撫辰用惕民猶水,取象宛呈震仰盂.大白從來凜戒㫖,賜茶廣殿乃時須."
"Hindustan Jades with extant imperial text on boxes, paper tags, etc. but not inscribed on the objects themselves.",,
Jade090,「嘉慶二十二年七月初十日喀什噶爾呈進□玉週身花小爵盃一個」□ marks a damaged character on the tag that is unreadable. The only images of the tag are published in the Taipei 2007 and Taipei 2015 catalogues (not available online).,N/A
,,
,,
Possibly related but not necessarily Hindustan Jades outside DPM/NPM,,
Jade105,"于闐何必購奩環，通貢薄來每厚還。保定不期致遠域，琢磨亦復藉他山。
示禎碧落星辰表，延喜明廷樽俎間。漉雪浮香真恰當，思推解渴福區寰。",
Jade106,缮人规制玉人为/彄沓闓抨是所资/不称每羞童子佩/如磨常忆武公诗/底须象骨徒传古/恰似琼琚匪报兹/于度机张慎省括/温其德美信堪师,
Jade107,"No text image available. According to the date provided, this might relate to Jade 116&119",
Jade108,,
Jade109,Wooden Box: 鴛锦雲章 No Jade Content Available ,
Jade110,"中規一片崑崙精，玉人細刻辟邪形。延吉祛惡古所稱，土華依約葆光晶。如凍梨㒵壽而貞，出從誰氏之佳城。黃腸曾以伴漆鎧，有可欲焉終復呈。孝文斮絮誠何情。
乾隆御題","御製詩 (四庫全書本)/三集卷013
漢玉辟邪璧"
Jade111,"今之古玉率稱（平聲）漢，和闐玉古稱（去聲）漢名。
爾時博望初鑿空，月氐要領得無能。
去百餘人二人返，傳聞才識於窴城。
昆崙泑澤多玉石，即今包貢猶堪徵。
繩窮匣開爓然現，雞冠為色斧為形。
瓊璊自稟天地秀，汗瀸血浸皆虛評。
入土出土即信有，猶當勝彼埋幽坰。
相如詭奪和璧返，荀息假道垂棘呈。
抑為得也抑為失，於玉何有紛人情。
不藏不逾吾慊若，用志萬里來賓誠。
乾隆壬午秋玉題",
Jade112,,
Jade113,no top pic. ,
Jade114,"臣質和闐貢，良材作甕堪。雲容垂碧落，
龍德出深潭。從類奇文覩，應聲精蹟探。
僧繇畫超絕，韓愈說包含。郡有堯年露，
非無園客蠶。遐球如近賦，屢獲以爲慚。
乾隆甲午新春御題。（鈐印：所寳惟賢，乾隆御筆）",(No annotations)
Jade115,,
Jade116,"Front:                                                                                                                                                        清聲第四夾鐘
大清乾隆二十有六年,歲在辛巳,冬十一月乙未朔,越九日癸卯,琢成
Back:
子輿有言，金聲玉振，一簴無雙，九成遞進。准今与古。既製鎛鍾，磬不可闕，條理始終。和闐我疆，玉山是矗，依度采取，以命磬叔。審音協律，咸備中和，泗濱同拊，其質則過。圖經所傳，浮岳涇水，誰誠見之？鳴球允此。法天則地，股二鼓三，依我繹如，兽舞鸞鬖。考樂唯時，乾禧祖德，翼翼繩承，撫是萬國。益凜保泰，敢或伐功。敬識歲吉，辛巳乾隆。
乾隆御製",
Jade 117,,
Jade 118,,
Jade119,"Front:                                                                                                                                                        清聲第十一夾鐘
大清乾隆二十有六年,歲在辛巳,冬十一月乙未朔,越九日癸卯,琢成
Back:
子輿有言，金聲玉振，一簴無雙，九成遞進。准今与古。既製鎛鍾，磬不可闕，條理始終。和闐我疆，玉山是矗，依度采取，以命磬叔。審音協律，咸備中和，泗濱同拊，其質則過。圖經所傳，浮岳涇水，誰誠見之？鳴球允此。法天則地，股二鼓三，依我繹如，兽舞鸞鬖。考樂唯時，乾禧祖德，翼翼繩承，撫是萬國。益凜保泰，敢或伐功。敬識歲吉，辛巳乾隆。
乾隆御製",
Jade 120,十全老人之寳說                                                                                                            十全記既成，因選和闐玉鐫’十全老人之寶’並為說曰：十全本以紀武功，而‘十全老人之寶’則不啻此也。何言之？武功不過為君之一事，幸賴  天佑，劼劬蕆局，未加一賦而賦乃蠲四；弗勞一民而民收無萬。祗或免窮黷之譏耳。若夫老人之十全，則尚未也。蓋君人之職，豈止武功一事哉？朱子曰：一日立乎其位，則一日業乎其官，一日不得乎其官，則一日不敢立乎其位。官者何？職之謂也。君之職不能盡言，況敢雲盡其職乎？未盡其職，則’十全老人之寶’，不亦涉自欺與誇而增慚愧乎？然老人之十全，實更有奢望，不敢必以敬待天佑者。十全之武功，誠叨 天佑矣。則十全之盡君職，或亦可以希 天佑乎？夫適百里者半九十里，予今三年歸政之全人，不啻半九十，而且如三十年之久矣。是以逮七十而繫’猶日孜孜’以為箴，至八十而繫‘自強不息’以為勉，則此可必不可必。三年中敢不益勵宵衣旰食之勤，益切敬 天愛民之念，虔俟昊貺，或允臻十全之境，視三年誠如三十年之遠。幸何如之，企何如之，惕何如之是為說。              乾隆癸丑仲春御製 臣趙秉冲敬書,